Date,ADDYY,NKE
2016-12-09,72.53643035888672,49.09908676147461
2016-12-12,72.89825439453125,48.928199768066406
2016-12-13,73.71711730957031,49.649688720703125
2016-12-14,71.46047973632812,49.1655387878418
2016-12-15,71.27957153320312,48.69086456298828
2016-12-16,71.40335083007812,48.33961868286133
2016-12-19,71.67947387695312,48.27315902709961
2016-12-20,72.16508483886719,49.1655387878418
2016-12-21,71.99369812011719,49.649688720703125
2016-12-22,71.92705535888672,49.49779510498047
2016-12-23,71.82230377197266,49.27945327758789
2016-12-27,72.44121551513672,48.69086456298828
2016-12-28,72.78399658203125,48.43455123901367
2016-12-29,73.59334564208984,48.472530364990234
2016-12-30,74.7930908203125,48.25418472290039
2017-01-03,73.84091186523438,49.34590530395508
2017-01-04,72.75543975830078,50.380672454833984
2017-01-05,72.79352569580078,50.37118148803711
2017-01-06,72.71734619140625,51.178104400634766
2017-01-09,72.57451629638672,50.674949645996094
2017-01-10,72.68877410888672,50.41863250732422
2017-01-11,73.29817199707031,50.01991653442383
2017-01-12,74.08847045898438,49.74462127685547
2017-01-13,74.94542694091797,50.2382698059082
2017-01-17,75.2786865234375,50.9312744140625
2017-01-18,77.02116394042969,50.570526123046875
2017-01-19,77.26872253417969,50.24775695800781
2017-01-20,77.45915985107422,50.50407409667969
2017-01-23,78.28755187988281,50.542049407958984
2017-01-24,78.21138000488281,50.74140548706055
2017-01-25,78.85884857177734,51.13063430786133
2017-01-26,78.93502807617188,50.9312744140625
2017-01-27,78.37324523925781,50.49458694458008
2017-01-30,76.85929107666016,50.39016342163086
2017-01-31,75.1834716796875,50.21928405761719
2017-02-01,75.55481719970703,50.33319854736328
2017-02-02,75.45960235595703,50.12434768676758
2017-02-03,75.63098907470703,49.70664978027344
2017-02-06,73.50764465332031,50.12434768676758
2017-02-07,73.50764465332031,50.13385009765625
2017-02-08,73.20295715332031,51.149620056152344
2017-02-09,75.17394256591797,52.507164001464844
2017-02-10,75.68811798095703,53.371036529541016
2017-02-13,76.34512329101562,53.24763488769531
2017-02-14,76.0785140991211,53.58938217163086
2017-02-15,75.56433868408203,53.769752502441406
2017-02-16,75.12633514404297,53.4374885559082
2017-02-17,75.0596923828125,53.874176025390625
2017-02-21,76.4022445678711,54.45326232910156
2017-02-22,77.00212097167969,55.28868103027344
2017-02-23,77.05924987792969,54.481746673583984
2017-02-24,76.5355453491211,54.92793273925781
2017-02-27,79.4111099243164,54.76654052734375
2017-02-28,79.7634048461914,54.26340103149414
2017-03-01,80.75366973876953,55.01336669921875
2017-03-02,81.36306762695312,55.04193878173828
2017-03-03,81.22975158691406,53.99443435668945
2017-03-06,80.88697814941406,54.06108856201172
2017-03-07,80.515625,53.85158157348633
2017-03-08,87.34271240234375,53.8134880065918
2017-03-09,89.74217224121094,53.670650482177734
2017-03-10,91.35134887695312,53.737308502197266
2017-03-13,91.41799926757812,53.96585464477539
2017-03-14,88.79000091552734,54.546756744384766
2017-03-15,91.99882507324219,54.90862274169922
2017-03-16,93.92220306396484,54.85148239135742
2017-03-17,93.74128723144531,55.04193878173828
2017-03-20,92.73198699951172,55.87995529174805
2017-03-21,92.67486572265625,55.24192428588867
2017-03-22,92.09404754638672,51.347076416015625
2017-03-23,91.99882507324219,52.72789001464844
2017-03-24,91.74172973632812,53.670650482177734
2017-03-27,91.5608139038086,53.26117706298828
2017-03-28,91.78934478759766,53.918251037597656
2017-03-29,91.29420471191406,53.97538757324219
2017-03-30,90.427734375,53.365928649902344
2017-03-31,90.63722229003906,53.070709228515625
2017-04-03,89.64695739746094,52.90884017944336
2017-04-04,90.36109161376953,52.41365432739258
2017-04-05,88.9994888305664,52.356502532958984
2017-04-06,89.51365661621094,52.50886917114258
2017-04-07,89.87547302246094,52.48030471801758
2017-04-10,89.57078552246094,52.28031539916992
2017-04-11,88.95187377929688,52.29936218261719
2017-04-12,90.03734588623047,52.918338775634766
2017-04-13,89.91355895996094,52.6993293762207
2017-04-17,90.59912872314453,53.55638122558594
2017-04-18,90.90382385253906,53.432579040527344
2017-04-19,90.06590270996094,53.194515228271484
2017-04-20,90.93238830566406,53.70875549316406
2017-04-21,92.12259674072266,53.18498992919922
2017-04-24,95.4456787109375,52.82312774658203
2017-04-25,96.69302368164062,52.804080963134766
2017-04-26,95.85511016845703,52.52790832519531
2017-04-27,95.71228790283203,52.82312774658203
2017-04-28,95.50281524658203,52.76598358154297
2017-05-01,95.9979476928711,52.36601638793945
2017-05-02,95.53138732910156,52.442203521728516
2017-05-03,94.50303649902344,51.927974700927734
2017-05-04,95.83607482910156,51.8708381652832
2017-05-05,97.11197662353516,51.37565231323242
2017-05-08,95.06480407714844,51.70895004272461
2017-05-09,95.1790771484375,52.27079772949219
2017-05-10,93.71273040771484,51.95654296875
2017-05-11,92.84625244140625,51.65182113647461
2017-05-12,92.57473754882812,51.61372375488281
2017-05-15,93.47016143798828,51.20424270629883
2017-05-16,94.63516998291016,50.26148986816406
2017-05-17,92.54586029052734,49.328243255615234
2017-05-18,93.0657730102539,49.21397018432617
2017-05-19,92.73841857910156,49.29967498779297
2017-05-22,92.86358642578125,49.10921859741211
2017-05-23,92.18961334228516,49.70915603637695
2017-05-24,91.5252685546875,49.528221130371094
2017-05-25,92.08370208740234,49.85199737548828
2017-05-26,92.43031311035156,50.08053970336914
2017-05-30,93.5760726928711,50.394798278808594
2017-05-31,92.38217163085938,50.46146011352539
2017-06-01,92.62287139892578,49.97414016723633
2017-06-02,93.41238403320312,50.623905181884766
2017-06-05,92.63250732421875,50.652557373046875
2017-06-06,91.61193084716797,50.14613723754883
2017-06-07,92.94062042236328,50.86278533935547
2017-06-08,90.98609161376953,50.834110260009766
2017-06-09,91.41935729980469,51.082550048828125
2017-06-12,92.87320709228516,51.6272087097168
2017-06-13,95.22248840332031,51.894752502441406
2017-06-14,96.28157806396484,52.22917938232422
2017-06-15,93.39313507080078,50.54745864868164
2017-06-16,93.98045349121094,48.82749938964844
2017-06-19,94.02859497070312,49.70659255981445
2017-06-20,92.3051528930664,49.26704788208008
2017-06-21,91.83336639404297,50.25123596191406
2017-06-22,90.98609161376953,50.06969451904297
2017-06-23,90.88018798828125,50.499671936035156
2017-06-26,90.87055206298828,50.910552978515625
2017-06-27,91.54452514648438,50.59524154663086
2017-06-28,92.37255859375,50.986995697021484
2017-06-29,90.3987808227539,50.80544662475586
2017-06-30,92.40143585205078,56.37618637084961
2017-07-03,92.29552459716797,56.04174041748047
2017-07-05,96.75335693359375,55.00021743774414
2017-07-06,96.40674591064453,54.61800765991211
2017-07-07,96.76299285888672,55.401554107666016
2017-07-10,96.18529510498047,56.118186950683594
2017-07-11,96.54154205322266,55.592647552490234
2017-07-12,98.06278991699219,55.6308708190918
2017-07-13,98.86193084716797,55.363319396972656
2017-07-14,99.74771881103516,55.420654296875
2017-07-17,100.3831787109375,55.219993591308594
2017-07-18,100.29652404785156,55.086219787597656
2017-07-19,99.47813415527344,55.20088195800781
2017-07-20,100.68165588378906,56.47172927856445
2017-07-21,99.55516052246094,57.283935546875
2017-07-24,99.12188720703125,56.328407287597656
2017-07-25,99.05448913574219,56.748836517333984
2017-07-26,99.42998504638672,55.76464080810547
2017-07-27,104.43663787841797,55.56398010253906
2017-07-28,108.86558532714844,56.06085968017578
2017-07-31,110.27129364013672,56.42395782470703
2017-08-01,109.10628509521484,57.178829193115234
2017-08-02,109.46253204345703,57.13105392456055
2017-08-03,110.5505142211914,57.46548080444336
2017-08-04,113.28490447998047,57.102378845214844
2017-08-07,113.01531982421875,57.13105392456055
2017-08-08,112.293212890625,56.81571960449219
2017-08-09,109.70323181152344,57.23616027832031
2017-08-10,107.88351440429688,56.443077087402344
2017-08-11,109.03888702392578,56.347511291503906
2017-08-14,110.0787353515625,57.12149429321289
2017-08-15,110.1653823852539,55.95574188232422
2017-08-16,109.27959442138672,55.9366455078125
2017-08-17,107.81612396240234,54.90467071533203
2017-08-18,107.22880554199219,52.50629806518555
2017-08-21,106.87255096435547,51.22587585449219
2017-08-22,107.41172790527344,51.722755432128906
2017-08-23,107.48875427246094,51.22587585449219
2017-08-24,106.85330200195312,51.445655822753906
2017-08-25,107.53690338134766,51.50297927856445
2017-08-28,106.83404541015625,51.340545654296875
2017-08-29,105.83271026611328,50.385013580322266
2017-08-30,106.42002868652344,50.22257995605469
2017-08-31,107.93164825439453,50.63487243652344
2017-09-01,108.85595703125,51.162208557128906
2017-09-05,108.52859497070312,50.826622009277344
2017-09-06,110.12686920166016,50.5869255065918
2017-09-07,112.84200286865234,50.2321662902832
2017-09-08,112.63019561767578,50.049991607666016
2017-09-11,113.66040802001953,50.84580612182617
2017-09-12,113.72779846191406,51.20057678222656
2017-09-13,113.7566909790039,51.31562423706055
2017-09-14,113.2656478881836,51.516971588134766
2017-09-15,113.80482482910156,51.651206970214844
2017-09-18,113.22714233398438,51.296443939208984
2017-09-19,112.45689392089844,51.13344955444336
2017-09-20,111.00303649902344,51.35397720336914
2017-09-21,111.13782501220703,50.99921417236328
2017-09-22,110.7430648803711,51.047157287597656
2017-09-25,109.56844329833984,51.03757095336914
2017-09-26,106.102294921875,51.48820495605469
2017-09-27,106.40077209472656,50.50062942504883
2017-09-28,106.9495849609375,50.462284088134766
2017-09-29,108.9907455444336,49.71440887451172
2017-10-02,111.02228546142578,49.73358917236328
2017-10-03,111.17634582519531,49.35005187988281
2017-10-04,110.24241638183594,49.9349365234375
2017-10-05,109.34699249267578,50.030818939208984
2017-10-06,108.70191192626953,50.26093292236328
2017-10-09,110.12686920166016,49.39800262451172
2017-10-10,110.87787628173828,49.40758514404297
2017-10-11,110.72381591796875,48.92817687988281
2017-10-12,110.5505142211914,48.73642349243164
2017-10-13,109.78025817871094,48.8802375793457
2017-10-16,109.08702850341797,49.25417709350586
2017-10-17,108.43231964111328,49.858238220214844
2017-10-18,108.35529327392578,50.1458740234375
2017-10-19,106.49705505371094,50.519805908203125
2017-10-20,106.1985855102539,50.87457275390625
2017-10-23,105.76531982421875,51.44985580444336
2017-10-24,106.03490447998047,51.2197380065918
2017-10-25,106.40077209472656,52.67713165283203
2017-10-26,107.1132583618164,54.47011184692383
2017-10-27,107.04586029052734,53.655128479003906
2017-10-30,107.32508087158203,52.99353790283203
2017-10-31,107.1902847290039,52.725074768066406
2017-11-01,104.70622253417969,52.801780700683594
2017-11-02,105.02395629882812,52.8497200012207
2017-11-03,104.60993957519531,53.41542434692383
2017-11-06,102.05847930908203,53.73183822631836
2017-11-07,102.443603515625,52.87849044799805
2017-11-08,103.21385192871094,53.46336364746094
2017-11-09,98.6886215209961,53.818115234375
2017-11-10,101.80813598632812,53.7797737121582
2017-11-13,103.44493103027344,53.607177734375
2017-11-14,106.39115142822266,53.67430114746094
2017-11-15,105.60164642333984,54.29753494262695
2017-11-16,104.8698959350586,54.87281799316406
2017-11-17,105.36093139648438,56.75209045410156
2017-11-20,104.44625854492188,56.80961608886719
2017-11-21,106.03490447998047,56.943851470947266
2017-11-22,103.9841079711914,56.63703918457031
2017-11-24,103.44493103027344,56.87672805786133
2017-11-27,102.90575408935547,57.17396545410156
2017-11-28,102.33769989013672,57.12601852416992
2017-11-29,101.01863098144531,57.873897552490234
2017-11-30,100.55648803710938,57.93142318725586
2017-12-01,100.71053314208984,57.60434341430664
2017-12-04,100.86459350585938,57.81598663330078
2017-12-05,100.65276336669922,58.12382125854492
2017-12-06,101.6637191772461,57.45042419433594
2017-12-07,102.47248840332031,58.29697799682617
2017-12-08,102.48211669921875,58.97037887573242
2017-12-11,99.62255096435547,59.55720520019531
2017-12-12,98.17832946777344,59.80731201171875
2017-12-13,95.80980682373047,61.85636520385742
2017-12-14,95.51132202148438,62.077632904052734
2017-12-15,97.61026000976562,62.32773971557617
2017-12-18,98.42865753173828,62.346988677978516
2017-12-19,98.41903686523438,61.79864501953125
2017-12-20,97.41770935058594,61.17335891723633
2017-12-21,96.80149841308594,62.30850601196289
2017-12-22,96.84963989257812,60.88475799560547
2017-12-26,97.39845275878906,61.2310791015625
2017-12-27,97.32142639160156,60.55767822265625
2017-12-28,96.78224182128906,60.55767822265625
2017-12-29,96.1082763671875,60.172874450683594
2018-01-02,96.99406433105469,61.077152252197266
2018-01-03,97.30216979980469,61.067535400390625
2018-01-04,98.97747039794922,61.029048919677734
2018-01-05,100.06544494628906,61.548526763916016
2018-01-08,99.64180755615234,62.09687423706055
2018-01-09,97.33104705810547,61.65433883666992
2018-01-10,96.71485137939453,61.7794075012207
2018-01-11,96.84963989257812,61.84675216674805
2018-01-12,99.11226654052734,62.21230697631836
2018-01-16,99.21817016601562,61.009803771972656
2018-01-17,98.50568389892578,61.3849983215332
2018-01-18,100.7779312133789,61.6735954284668
2018-01-19,107.64280700683594,64.6557846069336
2018-01-22,108.13384246826172,63.866943359375
2018-01-23,110.00170135498047,64.58843994140625
2018-01-24,110.53125762939453,65.41576385498047
2018-01-25,109.4047622680664,65.13678741455078
2018-01-26,110.65642547607422,65.45423889160156
2018-01-29,109.78025817871094,65.01171875
2018-01-30,110.26166534423828,64.771240234375
2018-01-31,111.74440002441406,65.62739562988281
2018-02-01,110.46385955810547,65.07904815673828
2018-02-02,107.44061279296875,64.66539764404297
2018-02-05,102.67467498779297,61.94294738769531
2018-02-06,106.11193084716797,62.74140930175781
2018-02-07,107.55615234375,63.13582992553711
2018-02-08,105.04320526123047,60.11515426635742
2018-02-09,105.01432037353516,63.00115203857422
2018-02-12,105.76531982421875,63.4725227355957
2018-02-13,105.28390502929688,63.36669921875
2018-02-14,106.68962097167969,65.37727355957031
2018-02-15,107.1710205078125,65.69474029541016
2018-02-16,107.89314270019531,65.70436096191406
2018-02-20,108.23975372314453,64.92513275146484
2018-02-21,106.23709869384766,64.50186920166016
2018-02-22,106.82440948486328,64.57881927490234
2018-02-23,108.04719543457031,65.56968688964844
2018-02-26,108.11459350585938,67.00306701660156
2018-02-27,106.81478881835938,65.4446029663086
2018-02-28,106.69924926757812,64.48262023925781
2018-03-01,103.2234878540039,63.79960250854492
2018-03-02,103.34864807128906,63.57767868041992
2018-03-05,104.64845275878906,62.76715850830078
2018-03-06,104.427001953125,62.950496673583984
2018-03-07,104.6677017211914,61.918033599853516
2018-03-08,103.86856842041016,62.82505416870117
2018-03-09,102.79984283447266,63.97328567504883
2018-03-12,101.8177719116211,64.47503662109375
2018-03-13,102.79022216796875,63.84785079956055
2018-03-14,112.45689392089844,63.87679672241211
2018-03-15,114.39214324951172,64.06011962890625
2018-03-16,115.20091247558594,63.59697341918945
2018-03-19,114.54619598388672,63.403995513916016
2018-03-20,115.15277099609375,64.45574951171875
2018-03-21,116.9628677368164,64.02153778076172
2018-03-22,116.23112487792969,62.15926742553711
2018-03-23,115.44161987304688,62.36189651489258
2018-03-26,117.24208068847656,63.58732986450195
2018-03-27,114.83504486083984,63.84785079956055
2018-03-28,114.57508087158203,63.14347839355469
2018-03-29,117.24208068847656,64.10836791992188
2018-04-02,116.10594940185547,61.869789123535156
2018-04-03,116.04818725585938,64.3592529296875
2018-04-04,118.37820434570312,66.01888275146484
2018-04-05,120.37123107910156,67.14783477783203
2018-04-06,120.04388427734375,65.17941284179688
2018-04-09,120.14978790283203,64.82239532470703
2018-04-10,122.2776107788086,64.64871978759766
2018-04-11,122.71086883544922,64.48468017578125
2018-04-12,124.77130126953125,65.39169311523438
2018-04-13,124.98312377929688,64.88994598388672
2018-04-16,125.78226470947266,64.70662689208984
2018-04-17,127.04354858398438,65.14082336425781
2018-04-18,127.28426361083984,63.87679672241211
2018-04-19,125.01200866699219,63.42330551147461
2018-04-20,125.15642547607422,63.77065658569336
2018-04-23,124.05882263183594,64.53292083740234
2018-04-24,119.40841674804688,64.6197738647461
2018-04-25,118.66705322265625,64.3302993774414
2018-04-26,118.70556640625,65.66188049316406
2018-04-27,119.66838073730469,67.11888885498047
2018-04-30,118.3878402709961,65.98993682861328
2018-05-01,118.11824798583984,65.7101058959961
2018-05-02,119.38916778564453,65.86450958251953
2018-05-03,113.00569915771484,64.55223083496094
2018-05-04,110.8297348022461,65.7101058959961
2018-05-07,111.76366424560547,66.9065933227539
2018-05-08,111.1474609375,66.05747985839844
2018-05-09,109.55880737304688,65.56537628173828
2018-05-10,111.56588745117188,65.53643035888672
2018-05-11,110.49153900146484,66.02853393554688
2018-05-14,110.33527374267578,66.42414093017578
2018-05-15,109.18279266357422,67.06098175048828
2018-05-16,112.0151596069336,68.83641052246094
2018-05-17,112.43512725830078,68.45046997070312
2018-05-18,112.15189361572266,68.8171157836914
2018-05-21,113.15787506103516,68.87501525878906
2018-05-22,112.35700225830078,68.80746459960938
2018-05-23,111.25335693359375,68.83641052246094
2018-05-24,111.34124755859375,69.64694213867188
2018-05-25,109.99343872070312,69.71446990966797
2018-05-29,108.12797546386719,68.43115234375
2018-05-30,112.33745574951172,69.69518280029297
2018-05-31,111.13614654541016,69.28026580810547
2018-06-01,110.45246887207031,70.4026870727539
2018-06-04,111.5951919555664,71.43804168701172
2018-06-05,112.49372863769531,71.65090942382812
2018-06-06,117.71894836425781,72.3282241821289
2018-06-07,113.60714721679688,72.337890625
2018-06-08,114.82798767089844,72.47335815429688
2018-06-11,114.44708251953125,72.17340087890625
2018-06-12,112.86486053466797,71.88311767578125
2018-06-13,112.12259674072266,71.70893859863281
2018-06-14,113.26530456542969,72.27983856201172
2018-06-15,114.0857162475586,73.38290405273438
2018-06-18,110.87244415283203,73.16036224365234
2018-06-19,107.71778106689453,71.85406494140625
2018-06-20,107.11223602294922,72.29918670654297
2018-06-21,107.54197692871094,71.5444564819336
2018-06-22,108.80189514160156,71.05097961425781
2018-06-25,106.98526763916016,70.0059814453125
2018-06-26,107.00479888916016,70.20915985107422
2018-06-27,105.76441955566406,69.03836059570312
2018-06-28,104.34822845458984,69.37702941894531
2018-06-29,106.4578628540039,77.0984878540039
2018-07-02,104.92447662353516,75.81157684326172
2018-07-03,105.36398315429688,73.80864715576172
2018-07-05,104.05523681640625,74.06990814208984
2018-07-06,104.21150207519531,74.0021743774414
2018-07-09,104.5924072265625,74.7762451171875
2018-07-10,106.08672332763672,75.05686950683594
2018-07-11,104.35800170898438,74.8536605834961
2018-07-12,105.89138793945312,74.86334228515625
2018-07-13,107.4833755493164,74.87301635742188
2018-07-16,108.02054595947266,75.23101806640625
2018-07-17,106.13555908203125,74.96009826660156
2018-07-18,107.6982421875,74.10858917236328
2018-07-19,107.5322036743164,74.4569320678711
2018-07-20,108.47958374023438,74.46661376953125
2018-07-23,108.68468475341797,74.10858917236328
2018-07-24,108.58702087402344,73.08293914794922
2018-07-25,109.39766693115234,74.6601333618164
2018-07-26,106.78993225097656,75.6180648803711
2018-07-27,107.41500854492188,74.39887237548828
2018-07-30,108.04008483886719,73.49901580810547
2018-07-31,108.04008483886719,74.4182357788086
2018-08-01,107.25873565673828,75.02783966064453
2018-08-02,105.23701477050781,76.10187530517578
2018-08-03,107.33687591552734,76.1889419555664
2018-08-06,106.24299621582031,76.93400573730469
2018-08-07,107.32710266113281,77.92095947265625
2018-08-08,108.04985046386719,77.89191436767578
2018-08-09,117.09387969970703,78.62730407714844
2018-08-10,114.41778564453125,78.1144790649414
2018-08-13,115.990234375,77.55326080322266
2018-08-14,116.2441635131836,77.54358673095703
2018-08-15,114.23221588134766,76.99207305908203
2018-08-16,115.83396911621094,77.45649719238281
2018-08-17,115.8144302368164,77.16622924804688
2018-08-20,117.1817855834961,79.51749420166016
2018-08-21,118.8421401977539,80.26256561279297
2018-08-22,119.3011703491211,79.96259307861328
2018-08-23,119.47697448730469,80.22384643554688
2018-08-24,121.59636688232422,79.77873992919922
2018-08-27,122.9734878540039,79.97227478027344
2018-08-28,123.4520492553711,79.90452575683594
2018-08-29,122.62187957763672,80.10774230957031
2018-08-30,122.0749282836914,78.76277160644531
2018-08-31,121.3717269897461,79.73274230957031
2018-09-04,119.12537384033203,77.21078491210938
2018-09-05,117.75802612304688,77.52118682861328
2018-09-06,117.0548095703125,77.98677062988281
2018-09-07,116.8106460571289,77.88978576660156
2018-09-10,117.68965911865234,79.63573455810547
2018-09-11,117.61151885986328,80.14984893798828
2018-09-12,119.2914047241211,80.50872802734375
2018-09-13,120.00437927246094,80.96463775634766
2018-09-14,119.45743560791016,80.9840316772461
2018-09-17,118.48075866699219,80.76094818115234
2018-09-18,119.83834075927734,82.7009048461914
2018-09-19,119.15467071533203,81.89582061767578
2018-09-20,120.81502532958984,82.80760955810547
2018-09-21,120.83455657958984,82.9822006225586
2018-09-24,119.61371612548828,81.74061584472656
2018-09-25,121.03965759277344,82.24498748779297
2018-09-26,119.77974700927734,81.1877212524414
2018-09-27,120.07274627685547,82.00251007080078
2018-09-28,119.31094360351562,82.17711639404297
2018-10-01,120.72711944580078,81.92491149902344
2018-10-02,120.15087890625,80.28564453125
2018-10-03,120.60991668701172,80.02373504638672
2018-10-04,117.65058898925781,77.77339935302734
2018-10-05,116.80087280273438,77.71519470214844
2018-10-08,116.09767150878906,77.82189178466797
2018-10-09,114.67172241210938,78.00617218017578
2018-10-10,108.94839477539062,72.6906509399414
2018-10-11,108.68468475341797,72.27357482910156
2018-10-12,109.09488677978516,73.63155364990234
2018-10-15,110.32550811767578,72.73915100097656
2018-10-16,113.44110870361328,75.15443420410156
2018-10-17,113.59737396240234,74.1844482421875
2018-10-18,110.74547576904297,73.33085632324219
2018-10-19,113.98804473876953,71.98257446289062
2018-10-22,112.51325988769531,72.65186309814453
2018-10-23,111.80029296875,71.14836883544922
2018-10-24,110.7943115234375,69.95530700683594
2018-10-25,115.04285430908203,70.90589141845703
2018-10-26,113.48017883300781,69.90679168701172
2018-10-29,113.48993682861328,70.02320861816406
2018-10-30,112.54256439208984,72.27357482910156
2018-10-31,115.1405258178711,72.78765869140625
2018-11-01,113.96851348876953,74.48513793945312
2018-11-02,115.47259521484375,74.28143310546875
2018-11-05,115.54096221923828,75.20292663574219
2018-11-06,115.25772857666016,74.27174377441406
2018-11-07,111.83935546875,75.62972259521484
2018-11-08,111.45845031738281,75.44541931152344
2018-11-09,113.39227294921875,74.06803894042969
2018-11-12,111.0091781616211,72.84587097167969
2018-11-13,113.54854583740234,72.94285583496094
2018-11-14,113.82201385498047,72.94285583496094
2018-11-15,114.40802001953125,72.09899139404297
2018-11-16,114.30058288574219,72.49667358398438
2018-11-19,111.6830825805664,70.3432846069336
2018-11-20,110.51107025146484,68.9853286743164
2018-11-21,113.62667083740234,70.19781494140625
2018-11-23,112.12259674072266,69.34423065185547
2018-11-26,110.43293762207031,70.527587890625
2018-11-27,109.9836654663086,69.92621612548828
2018-11-28,111.29241180419922,72.4190673828125
2018-11-29,110.21807098388672,72.1086654663086
2018-11-30,108.13774871826172,73.08154296875
2018-12-03,109.62229919433594,75.82501220703125
2018-12-04,108.05960845947266,73.73335266113281
2018-12-06,108.01077270507812,73.49011993408203
2018-12-07,108.5381851196289,71.34983825683594
2018-12-10,107.45406341552734,70.54236602783203
2018-12-11,109.25115966796875,71.57359313964844
2018-12-12,110.47200775146484,72.3032455444336
2018-12-13,110.85291290283203,70.95096588134766
2018-12-14,107.19036865234375,70.56182098388672
2018-12-17,102.84415435791016,68.003173828125
2018-12-18,103.25435638427734,69.2192611694336
2018-12-19,102.95159149169922,67.0984115600586
2018-12-20,102.12140655517578,65.6974868774414
2018-12-21,101.3205337524414,70.40617370605469
2018-12-24,101.56470489501953,66.25201416015625
2018-12-26,102.36558532714844,71.02879333496094
2018-12-27,101.08613586425781,71.6708755493164
2018-12-28,101.91631317138672,71.34983825683594
2018-12-31,101.90653991699219,72.12812805175781
2019-01-02,102.44371032714844,72.05030822753906
2019-01-03,102.09211730957031,70.77584838867188
2019-01-04,106.24299621582031,72.62429809570312
2019-01-07,106.55552673339844,73.6652603149414
2019-01-08,108.7237548828125,74.64784240722656
2019-01-09,109.48555755615234,74.51163482666016
2019-01-10,110.01296997070312,74.34625244140625
2019-01-11,110.26690673828125,73.9765625
2019-01-14,110.68687438964844,74.02521514892578
2019-01-15,111.23381042480469,75.76663208007812
2019-01-16,110.38410186767578,75.57207489013672
2019-01-17,111.6537857055664,76.98271179199219
2019-01-18,113.47040557861328,78.26689147949219
2019-01-22,113.56806945800781,78.55876159667969
2019-01-23,115.26748657226562,78.31553649902344
2019-01-24,111.6635513305664,78.2571792602539
2019-01-25,113.68527221679688,78.42256927490234
2019-01-28,113.59737396240234,78.14043426513672
2019-01-29,113.880615234375,78.04314422607422
2019-01-30,115.70700073242188,79.07437133789062
2019-01-31,116.2441635131836,79.65808868408203
2019-02-01,111.6342544555664,79.29812622070312
2019-02-04,110.05204010009766,79.7651138305664
2019-02-05,112.97229766845703,80.61149597167969
2019-02-06,112.0932846069336,80.465576171875
2019-02-07,110.85291290283203,80.15425109863281
2019-02-08,110.22784423828125,80.12506866455078
2019-02-11,109.77857208251953,81.40925598144531
2019-02-12,111.6537857055664,82.41129302978516
2019-02-13,109.68090057373047,83.08257293701172
2019-02-14,108.79212188720703,82.38211822509766
2019-02-15,110.16924285888672,83.06311798095703
2019-02-19,111.87842559814453,82.27510070800781
2019-02-20,112.53279876708984,82.53776550292969
2019-02-21,112.42536163330078,81.67192077636719
2019-02-22,113.19693756103516,82.4599380493164
2019-02-25,116.62507629394531,82.85883331298828
2019-02-26,119.3011703491211,83.47171783447266
2019-02-27,118.49053192138672,83.8316650390625
2019-02-28,118.56866455078125,83.40361785888672
2019-03-01,120.29737854003906,85.01298522949219
2019-03-04,119.38907623291016,83.5304183959961
2019-03-05,119.66254425048828,83.3353500366211
2019-03-06,120.27784729003906,83.0329818725586
2019-03-07,117.8459243774414,83.15977478027344
2019-03-08,115.91210174560547,82.71111297607422
2019-03-11,117.09387969970703,83.70598602294922
2019-03-12,116.55670928955078,83.32559204101562
2019-03-13,113.30437469482422,83.81327819824219
2019-03-14,117.54315185546875,84.7301254272461
2019-03-15,117.60175323486328,84.66185760498047
2019-03-18,115.33586120605469,85.65672302246094
2019-03-19,116.32230377197266,85.5299301147461
2019-03-20,117.12317657470703,84.5545654296875
2019-03-21,116.0390625,85.842041015625
2019-03-22,115.7948989868164,80.1654052734375
2019-03-25,117.51385498046875,80.30194854736328
2019-03-26,117.99241638183594,81.32608032226562
2019-03-27,117.8849868774414,81.04322814941406
2019-03-28,117.96312713623047,81.96984100341797
2019-03-29,119.00817108154297,82.1356430053711
2019-04-01,120.13134765625,83.13052368164062
2019-04-02,121.62566375732422,82.29171752929688
2019-04-03,122.72930908203125,82.38923645019531
2019-04-04,124.23339080810547,83.17929077148438
2019-04-05,124.80963134765625,83.29633331298828
2019-04-08,123.4520492553711,82.64283752441406
2019-04-09,123.4520492553711,82.20391845703125
2019-04-10,124.80963134765625,82.78914642333984
2019-04-11,123.80365753173828,82.90618133544922
2019-04-12,124.1943359375,84.11563873291016
2019-04-15,125.2198486328125,84.69110870361328
2019-04-16,126.47975158691406,85.63721466064453
2019-04-17,126.77275085449219,86.54430389404297
2019-04-18,127.2513198852539,87.00272369384766
2019-04-22,127.89592742919922,85.20805358886719
2019-04-23,126.82159423828125,85.27631378173828
2019-04-24,125.59097290039062,86.21269226074219
2019-04-25,124.66313171386719,85.40312194824219
2019-04-26,124.98543548583984,86.13465881347656
2019-04-29,124.66313171386719,86.08588409423828
2019-04-30,125.5421371459961,85.6664810180664
2019-05-01,124.4580307006836,83.78401947021484
2019-05-02,124.81940460205078,83.16952514648438
2019-05-03,136.3051300048828,83.58893585205078
2019-05-06,139.1667938232422,81.51140594482422
2019-05-07,136.2270050048828,80.50677490234375
2019-05-08,140.9248046875,80.73110961914062
2019-05-09,138.737060546875,80.93594360351562
2019-05-10,141.24220275878906,81.88204193115234
2019-05-13,136.24378967285156,80.49701690673828
2019-05-14,138.8370361328125,81.60895538330078
2019-05-15,140.57904052734375,81.94058227539062
2019-05-16,138.61927795410156,82.20391845703125
2019-05-17,141.1432342529297,82.48677825927734
2019-05-20,138.78753662109375,80.80915832519531
2019-05-21,142.4200439453125,81.57970428466797
2019-05-22,145.1023712158203,81.15052032470703
2019-05-23,143.54840087890625,80.60433197021484
2019-05-24,144.0828857421875,80.13613891601562
2019-05-28,145.50816345214844,79.19979858398438
2019-05-29,142.5883026123047,76.92718505859375
2019-05-30,142.71697998046875,77.30757904052734
2019-05-31,141.41046142578125,75.44922637939453
2019-06-03,143.6572723388672,76.25125885009766
2019-06-04,144.1224822998047,79.83100891113281
2019-06-05,143.122802734375,80.90692901611328
2019-06-06,146.01296997070312,80.6428451538086
2019-06-07,148.6160888671875,81.58179473876953
2019-06-10,149.1208953857422,80.7699966430664
2019-06-11,145.33001708984375,81.43510437011719
2019-06-12,143.6968536376953,80.81887817382812
2019-06-13,144.79551696777344,81.77742004394531
2019-06-14,144.83511352539062,81.61112976074219
2019-06-17,146.2801971435547,80.3102798461914
2019-06-18,151.714111328125,82.4522933959961
2019-06-19,149.1604766845703,81.71873474121094
2019-06-20,150.7540283203125,83.3716812133789
2019-06-21,150.9420928955078,83.87051391601562
2019-06-24,149.33863830566406,82.64791107177734
2019-06-25,147.3491668701172,80.8091049194336
2019-06-26,152.49606323242188,80.74065399169922
2019-06-27,149.57618713378906,81.8263168334961
2019-06-28,152.63462829589844,82.10995483398438
2019-07-01,153.4561309814453,83.53795623779297
2019-07-02,152.9414520263672,83.09783172607422
2019-07-03,156.01968383789062,84.31063842773438
2019-07-05,154.4459228515625,84.91706085205078
2019-07-08,155.6831512451172,86.5406723022461
2019-07-09,156.3166046142578,86.11033630371094
2019-07-10,155.43569946289062,85.52346801757812
2019-07-11,155.30703735351562,86.3548355102539
2019-07-12,154.10939025878906,87.1666488647461
2019-07-15,155.33673095703125,87.51876068115234
2019-07-16,156.1879425048828,86.65803527832031
2019-07-17,155.81182861328125,85.58216094970703
2019-07-18,157.56375122070312,85.52346801757812
2019-07-19,155.06948852539062,84.6529769897461
2019-07-22,157.64292907714844,84.08567810058594
2019-07-23,157.19752502441406,84.79967498779297
2019-07-24,156.20774841308594,84.79967498779297
2019-07-25,156.02957153320312,85.36698913574219
2019-07-26,160.00851440429688,85.62126922607422
2019-07-29,159.43443298339844,85.69952392578125
2019-07-30,153.95101928710938,85.28872680664062
2019-07-31,157.83099365234375,84.14437103271484
2019-08-01,161.7604217529297,81.29815673828125
2019-08-02,154.8418426513672,79.36155700683594
2019-08-05,147.78466796875,77.2391357421875
2019-08-06,151.43698120117188,79.5180435180664
2019-08-07,153.52542114257812,79.49847412109375
2019-08-08,148.0816192626953,81.18077850341797
2019-08-09,144.27093505859375,80.18315124511719
2019-08-12,145.59725952148438,79.8603515625
2019-08-13,145.2013397216797,81.49376678466797
2019-08-14,140.4503631591797,79.25395965576172
2019-08-15,141.5094451904297,77.76728820800781
2019-08-16,141.45005798339844,78.52039337158203
2019-08-19,142.3705596923828,79.35176086425781
2019-08-20,143.4791259765625,78.76492309570312
2019-08-21,145.68634033203125,80.9264907836914
2019-08-22,144.3798065185547,81.48399353027344
2019-08-23,142.0538330078125,78.6769027709961
2019-08-26,143.89483642578125,80.44721984863281
2019-08-27,144.5579833984375,80.2320327758789
2019-08-28,145.5576629638672,81.6502685546875
2019-08-29,146.230712890625,83.50861358642578
2019-08-30,146.93345642089844,82.86141204833984
2019-09-03,147.3689727783203,83.02811431884766
2019-09-04,149.1208953857422,84.67552947998047
2019-09-05,149.94241333007812,86.70539855957031
2019-09-06,152.2584991455078,86.97018432617188
2019-09-09,151.8922882080078,86.95055389404297
2019-09-10,147.9826202392578,85.14623260498047
2019-09-11,148.04202270507812,85.06777954101562
2019-09-12,151.42709350585938,85.96994018554688
2019-09-13,149.79393005371094,85.62672424316406
2019-09-16,146.2801971435547,85.57769012451172
2019-09-17,148.6853790283203,85.89149475097656
2019-09-18,149.94241333007812,86.37199401855469
2019-09-19,149.96218872070312,85.99935150146484
2019-09-20,149.3683319091797,84.99915313720703
2019-09-23,148.88333129882812,85.98957061767578
2019-09-24,149.1208953857422,85.48944091796875
2019-09-25,146.339599609375,89.0490493774414
2019-09-26,151.24891662597656,90.38267517089844
2019-09-27,154.29745483398438,90.51996612548828
2019-09-30,154.10939025878906,92.09874725341797
2019-10-01,153.11961364746094,90.49054718017578
2019-10-02,146.12184143066406,89.71588134765625
2019-10-03,147.30958557128906,90.43171691894531
2019-10-04,148.43792724609375,91.26522827148438
2019-10-07,148.2993621826172,91.36328125
2019-10-08,146.6365203857422,89.97083282470703
2019-10-09,152.189208984375,90.72588348388672
2019-10-10,152.0209503173828,91.19657897949219
2019-10-11,152.6940155029297,92.05950927734375
2019-10-14,153.23838806152344,93.0401382446289
2019-10-15,156.5442657470703,92.95187377929688
2019-10-16,154.38653564453125,93.0401382446289
2019-10-17,155.6831512451172,93.70695495605469
2019-10-18,155.9405059814453,94.23646545410156
2019-10-21,156.58384704589844,94.3541488647461
2019-10-22,153.73329162597656,93.74617004394531
2019-10-23,151.72401428222656,90.52976989746094
2019-10-24,150.2393341064453,89.72566986083984
2019-10-25,150.8332061767578,89.15692901611328
2019-10-28,153.1790008544922,89.08827209472656
2019-10-29,151.9912567138672,87.54872131347656
2019-10-30,153.4363555908203,88.44108581542969
2019-10-31,152.773193359375,87.81349182128906
2019-11-01,154.96060180664062,87.45066833496094
2019-11-04,157.6627197265625,88.11747741699219
2019-11-05,153.58480834960938,88.1370849609375
2019-11-06,146.8245849609375,87.7448501586914
2019-11-07,149.95230102539062,88.64701080322266
2019-11-08,149.0318145751953,88.06844329833984
2019-11-11,147.79458618164062,88.30379486083984
2019-11-12,146.6662139892578,87.76446533203125
2019-11-13,144.56787109375,89.5197525024414
2019-11-14,144.6074676513672,89.50013732910156
2019-11-15,146.44847106933594,91.2358169555664
2019-11-18,148.66558837890625,92.35369873046875
2019-11-19,148.87344360351562,91.79476928710938
2019-11-20,149.38812255859375,91.24562072753906
2019-11-21,149.70486450195312,90.37287902832031
2019-11-22,149.15057373046875,91.5300064086914
2019-11-25,149.69496154785156,91.09854125976562
2019-11-26,151.5062713623047,91.52017974853516
2019-11-27,153.8916473388672,92.31448364257812
2019-11-29,154.45582580566406,91.91629028320312
2019-12-02,150.84310913085938,91.98512268066406
2019-12-03,153.4561309814453,90.90363311767578
2019-12-04,152.20901489257812,92.14241790771484
2019-12-05,151.8724822998047,94.1775894165039
2019-12-06,152.68409729003906,95.36722564697266
2019-12-09,149.90281677246094,95.0034408569336
2019-12-10,150.9519805908203,95.3770523071289
2019-12-11,153.57492065429688,95.54417419433594
2019-12-12,153.46603393554688,96.0750961303711
2019-12-13,153.48583984375,96.12425231933594
2019-12-16,157.57363891601562,97.1467514038086
2019-12-17,158.16751098632812,97.97261047363281
2019-12-18,159.0187225341797,98.87712860107422
2019-12-19,158.52383422851562,99.44735717773438
2019-12-20,159.72146606445312,98.27738952636719
2019-12-23,159.4839324951172,98.35604095458984
2019-12-24,159.6125946044922,98.45436096191406
2019-12-26,160.54298400878906,99.0147705078125
2019-12-27,161.61195373535156,99.86029052734375
2019-12-30,160.6023712158203,99.1032485961914
2019-12-31,161.13687133789062,99.60466766357422
2020-01-02,161.6614532470703,100.47966766357422
2020-01-03,161.00819396972656,100.20439910888672
2020-01-06,161.2853240966797,100.11589813232422
2020-01-07,162.8195037841797,100.0667495727539
2020-01-08,167.08546447753906,99.84062194824219
2020-01-09,170.81695556640625,99.77180480957031
2020-01-10,169.71829223632812,99.2015609741211
2020-01-13,171.232666015625,100.44036865234375
2020-01-14,172.59857177734375,101.18756866455078
2020-01-15,174.4593505859375,101.05976104736328
2020-01-16,173.96446228027344,101.62999725341797
2020-01-17,171.17327880859375,102.77046203613281
2020-01-21,171.13368225097656,102.81963348388672
2020-01-22,172.71734619140625,102.73112487792969
2020-01-23,170.83676147460938,101.28588104248047
2020-01-24,169.47085571289062,100.31254577636719
2020-01-27,163.58163452148438,98.55267333984375
2020-01-28,164.39324951171875,98.71981048583984
2020-01-29,160.85972595214844,98.1594009399414
2020-01-30,160.83993530273438,96.53717803955078
2020-01-31,156.5442657470703,94.67900085449219
2020-02-03,156.08895874023438,97.5989990234375
2020-02-04,159.63238525390625,99.67349243164062
2020-02-05,158.72178649902344,98.84762573242188
2020-02-06,157.63302612304688,98.58216857910156
2020-02-07,156.33641052246094,97.76614379882812
2020-02-10,154.8715362548828,98.33638763427734
2020-02-11,155.1585693359375,98.33638763427734
2020-02-12,157.11834716796875,101.26622772216797
2020-02-13,154.7230682373047,101.62999725341797
2020-02-14,154.5152130126953,101.79712677001953
2020-02-18,152.57522583007812,100.2830581665039
2020-02-19,156.41558837890625,100.73530578613281
2020-02-20,153.35716247558594,100.80413055419922
2020-02-21,151.5359649658203,98.56250762939453
2020-02-24,141.44015502929688,94.29557037353516
2020-02-25,140.747314453125,91.33624267578125
2020-02-26,140.1039581298828,90.45137786865234
2020-02-27,138.1738739013672,87.05945587158203
2020-02-28,137.73837280273438,88.11929321289062
2020-03-02,136.08543395996094,91.37274169921875
2020-03-03,137.35235595703125,89.64742279052734
2020-03-04,141.09373474121094,92.46709442138672
2020-03-05,136.82777404785156,89.30236053466797
2020-03-06,134.85809326171875,87.1136703491211
2020-03-09,126.17768859863281,82.92362976074219
2020-03-10,128.2166290283203,87.05451965332031
2020-03-11,110.81623840332031,82.815185546875
2020-03-12,94.96978759765625,73.15339660644531
2020-03-13,96.3060073852539,74.51394653320312
2020-03-16,93.4554214477539,65.84791564941406
2020-03-17,94.22744750976562,68.85491180419922
2020-03-18,89.1696548461914,67.08029174804688
2020-03-19,93.44552612304688,69.34784698486328
2020-03-20,95.98927307128906,66.49862670898438
2020-03-23,95.74182891845703,61.91420364379883
2020-03-24,104.47172546386719,71.30978393554688
2020-03-25,113.33029174804688,77.89556884765625
2020-03-26,117.99217224121094,83.11094665527344
2020-03-27,113.55794525146484,82.05604553222656
2020-03-30,113.844970703125,84.17571258544922
2020-03-31,110.33124542236328,81.57294464111328
2020-04-01,106.67893981933594,78.11245727539062
2020-04-02,104.71916961669922,79.0096206665039
2020-04-03,100.80951690673828,77.7476806640625
2020-04-06,107.9854507446289,83.43628692626953
2020-04-07,111.49919128417969,82.97293090820312
2020-04-08,116.64606475830078,84.09683990478516
2020-04-09,122.96089172363281,85.56583404541016
2020-04-13,120.34785461425781,83.26869201660156
2020-04-14,123.3864974975586,86.2362289428711
2020-04-15,116.05219268798828,83.84050750732422
2020-04-16,113.99343872070312,85.0827407836914
2020-04-17,118.77410125732422,88.64183044433594
2020-04-20,118.20992279052734,86.66016387939453
2020-04-21,114.16170501708984,83.99824523925781
2020-04-22,111.30123138427734,87.51789855957031
2020-04-23,109.86604309082031,86.11791229248047
2020-04-24,110.92510986328125,87.12354278564453
2020-04-27,110.95480346679688,88.10942840576172
2020-04-28,109.61859893798828,87.54747772216797
2020-04-29,114.66649627685547,86.8277587890625
2020-04-30,113.0333480834961,85.9503173828125
2020-05-01,111.0042953491211,84.33345794677734
2020-05-04,107.1936264038086,84.54049682617188
2020-05-05,106.5997543334961,85.97003936767578
2020-05-06,106.14445495605469,87.19255065917969
2020-05-07,112.21183776855469,87.31085968017578
2020-05-08,111.35072326660156,89.18405151367188
2020-05-11,109.95512390136719,89.64742279052734
2020-05-12,107.65882110595703,87.01508331298828
2020-05-13,105.41201782226562,84.80667114257812
2020-05-14,105.35263061523438,85.32920837402344
2020-05-15,107.70831298828125,85.76300048828125
2020-05-18,116.75494384765625,89.75586700439453
2020-05-19,116.32933044433594,90.21925354003906
2020-05-20,119.15021514892578,91.63893127441406
2020-05-21,117.43789672851562,92.93046569824219
2020-05-22,117.98226928710938,92.42764282226562
2020-05-26,123.604248046875,95.2571792602539
2020-05-27,127.95929718017578,98.4613265991211
2020-05-28,129.67161560058594,97.07121276855469
2020-05-29,131.81944274902344,97.43196868896484
2020-06-01,135.29360961914062,98.38079071044922
2020-06-02,133.85841369628906,99.56681060791016
2020-06-03,140.54934692382812,102.8975601196289
2020-06-04,143.03370666503906,100.10051727294922
2020-06-05,147.65599060058594,101.51387023925781
2020-06-08,145.31021118164062,103.07547760009766
2020-06-09,141.4599609375,101.4347915649414
2020-06-10,139.5694580078125,100.93073272705078
2020-06-11,128.9193878173828,94.06168365478516
2020-06-12,129.9091796875,95.30699920654297
2020-06-15,131.63140869140625,96.7005844116211
2020-06-16,133.363525390625,97.88661193847656
2020-06-17,133.96730041503906,98.05462646484375
2020-06-18,133.39321899414062,97.303466796875
2020-06-19,130.64161682128906,94.6645736694336
2020-06-22,132.1262969970703,98.35115051269531
2020-06-23,135.53114318847656,100.73307037353516
2020-06-24,130.6713104248047,98.91449737548828
2020-06-25,134.34339904785156,100.21913146972656
2020-06-26,128.67193603515625,92.57914733886719
2020-06-29,128.96888732910156,94.75352478027344
2020-06-30,130.33477783203125,96.90812683105469
2020-07-01,131.73037719726562,96.26570129394531
2020-07-02,135.72911071777344,97.2837142944336
2020-07-06,138.75784301757812,98.78600311279297
2020-07-07,133.8485107421875,95.93954467773438
2020-07-08,133.61097717285156,97.68893432617188
2020-07-09,132.16587829589844,95.8604736328125
2020-07-10,132.33413696289062,96.84883117675781
2020-07-13,133.75942993164062,95.33666229248047
2020-07-14,133.09628295898438,95.63316345214844
2020-07-15,136.946533203125,97.3924331665039
2020-07-16,135.04615783691406,96.1273422241211
2020-07-17,134.87789916992188,95.15874481201172
2020-07-20,137.35235595703125,94.53608703613281
2020-07-21,140.54934692382812,97.21452331542969
2020-07-22,141.2718963623047,97.75812530517578
2020-07-23,138.45101928710938,97.15523529052734
2020-07-24,137.82745361328125,97.2837142944336
2020-07-27,139.52987670898438,96.07791137695312
2020-07-28,138.1738739013672,95.14886474609375
2020-07-29,141.96473693847656,95.84071350097656
2020-07-30,138.3223419189453,95.69245910644531
2020-07-31,135.9765625,96.47325897216797
2020-08-03,138.82711791992188,97.18488311767578
2020-08-04,138.6489715576172,96.196533203125
2020-08-05,140.84629821777344,99.76448822021484
2020-08-06,144.914306640625,99.28018188476562
2020-08-07,145.3498077392578,100.67377471923828
2020-08-10,149.45741271972656,104.18242645263672
2020-08-11,151.43698120117188,103.89579772949219
2020-08-12,154.46571350097656,103.99464416503906
2020-08-13,156.6531524658203,105.27948760986328
2020-08-14,155.64356994628906,105.1905517578125
2020-08-17,157.65281677246094,104.42950439453125
2020-08-18,158.76138305664062,105.72425842285156
2020-08-19,153.3373565673828,107.12772369384766
2020-08-20,153.51553344726562,106.75215148925781
2020-08-21,151.05096435546875,108.47187805175781
2020-08-24,150.78372192382812,110.52766418457031
2020-08-25,150.7936248779297,110.21138763427734
2020-08-26,150.9420928955078,110.23115539550781
2020-08-27,149.42771911621094,109.54918670654297
2020-08-28,149.54649353027344,111.22815704345703
2020-08-31,151.31820678710938,110.83193969726562
2020-09-01,150.0413818359375,113.75404357910156
2020-09-02,156.3067169189453,115.69551849365234
2020-09-03,154.97052001953125,111.7828598022461
2020-09-04,154.80224609375,111.33712768554688
2020-09-08,150.9519805908203,111.65409088134766
2020-09-09,155.97019958496094,113.81348419189453
2020-09-10,157.81118774414062,113.70452117919922
2020-09-11,159.66207885742188,116.88416290283203
2020-09-14,162.40379333496094,118.15205383300781
2020-09-15,163.4232635498047,118.14215850830078
2020-09-16,164.5219268798828,117.46858978271484
2020-09-17,164.05673217773438,115.2596664428711
2020-09-18,164.26458740234375,113.57575225830078
2020-09-21,159.05831909179688,112.29794311523438
2020-09-22,158.91973876953125,115.76484680175781
2020-09-23,162.7403106689453,125.90801239013672
2020-09-24,161.08737182617188,123.57032775878906
2020-09-25,161.839599609375,123.05525207519531
2020-09-28,163.52224731445312,123.14440155029297
2020-09-29,163.7795867919922,125.15520477294922
2020-09-30,161.4635009765625,124.35286712646484
2020-10-01,162.3839874267578,125.44245910644531
2020-10-02,161.38430786132812,125.44245910644531
2020-10-05,160.66177368164062,126.7004623413086
2020-10-06,159.47402954101562,126.44291687011719
2020-10-07,162.43348693847656,128.83010864257812
2020-10-08,162.0177764892578,128.4834442138672
2020-10-09,165.31375122070312,129.7414093017578
2020-10-12,167.21414184570312,128.2357940673828
2020-10-13,166.36293029785156,127.9782485961914
2020-10-14,165.03662109375,126.45281219482422
2020-10-15,161.08737182617188,127.78014373779297
2020-10-16,164.55162048339844,126.78958892822266
2020-10-19,163.71029663085938,126.22499084472656
2020-10-20,165.47210693359375,127.27497100830078
2020-10-21,161.32493591308594,128.20606994628906
2020-10-22,165.22467041015625,128.79049682617188
2020-10-23,165.9571075439453,128.76080322265625
2020-10-26,160.29554748535156,127.1561050415039
2020-10-27,158.7910614013672,126.77970123291016
2020-10-28,148.5666046142578,120.92558288574219
2020-10-29,150.4373016357422,121.69821166992188
2020-10-30,147.09182739257812,118.94449615478516
2020-11-02,149.45741271972656,121.2326431274414
2020-11-03,156.0691680908203,123.4118423461914
2020-11-04,155.514892578125,126.1358413696289
2020-11-05,161.40411376953125,128.47352600097656
2020-11-06,163.72019958496094,127.68108367919922
2020-11-09,173.5784454345703,127.7306137084961
2020-11-10,165.18507385253906,126.5023422241211
2020-11-11,163.7795867919922,126.45281219482422
2020-11-12,159.1276092529297,125.44245910644531
2020-11-13,159.02862548828125,127.06695556640625
2020-11-16,161.17645263671875,128.87965393066406
2020-11-17,163.739990234375,130.9597930908203
2020-11-18,165.55130004882812,130.38528442382812
2020-11-19,166.86770629882812,130.6626434326172
2020-11-20,165.28407287597656,131.72250366210938
2020-11-23,165.31375122070312,132.8616485595703
2020-11-24,164.74957275390625,133.42623901367188
2020-11-25,161.86929321289062,134.25828552246094
2020-11-27,161.02798461914062,132.98049926757812
2020-11-30,158.46444702148438,133.42623901367188
2020-12-01,163.29458618164062,134.1592559814453
2020-12-02,161.126953125,134.2979278564453
2020-12-03,165.28407287597656,135.6648712158203
2020-12-04,165.65028381347656,136.1660919189453
2020-12-07,167.9465789794922,137.71446228027344
2020-12-08,168.36228942871094,138.0817108154297
2020-12-09,169.6391143798828,137.754150390625
2020-12-10,173.04397583007812,136.55320739746094
2020-12-11,170.69818115234375,136.38446044921875
2020-12-14,172.6183624267578,135.2628936767578
2020-12-15,175.25119018554688,138.34967041015625
2020-12-16,175.2115936279297,137.30751037597656
2020-12-17,179.20042419433594,139.45140075683594
2020-12-18,176.6368865966797,136.2554168701172
2020-12-21,175.79556274414062,142.9451141357422
2020-12-22,176.80516052246094,141.3868408203125
2020-12-23,177.44850158691406,140.70199584960938
2020-12-24,178.5768585205078,140.54319763183594
2020-12-28,180.7049102783203,141.3669891357422
2020-12-29,181.46702575683594,140.51341247558594
2020-12-30,181.62539672851562,140.52334594726562
2020-12-31,181.12060546875,140.41415405273438
2021-01-04,178.99256896972656,139.0543975830078
2021-01-05,176.89422607421875,140.1759490966797
2021-01-06,177.8642120361328,141.28759765625
2021-01-07,176.3993377685547,143.86817932128906
2021-01-08,179.22023010253906,145.2577362060547
2021-01-11,176.0331268310547,145.9525146484375
2021-01-12,174.13272094726562,143.9674530029297
2021-01-13,175.6965789794922,141.97244262695312
2021-01-14,173.974365234375,140.2454376220703
2021-01-15,168.13462829589844,139.6697540283203
2021-01-19,172.51937866210938,138.23057556152344
2021-01-20,171.71766662597656,141.73423767089844
2021-01-21,172.40060424804688,140.55313110351562
2021-01-22,167.96636962890625,138.30999755859375
2021-01-25,162.91848754882812,136.52342224121094
2021-01-26,167.1844482421875,134.09170532226562
2021-01-27,161.36451721191406,130.0421600341797
2021-01-28,159.34536743164062,133.7145538330078
2021-01-29,158.20709228515625,132.59295654296875
2021-02-01,162.45327758789062,134.6971435546875
2021-02-02,166.52130126953125,138.54818725585938
2021-02-03,165.29396057128906,137.59535217285156
2021-02-04,163.16592407226562,139.58042907714844
2021-02-05,166.828125,144.02699279785156
2021-02-08,167.8574981689453,142.33969116210938
2021-02-09,171.19308471679688,140.7317657470703
2021-02-10,168.015869140625,141.3967742919922
2021-02-11,176.36964416503906,142.46871948242188
2021-02-12,175.27098083496094,141.05931091308594
2021-02-16,177.34951782226562,140.6523895263672
2021-02-17,174.69691467285156,142.9153594970703
2021-02-18,173.1924285888672,144.00714111328125
2021-02-19,176.20138549804688,140.9600830078125
2021-02-22,175.62730407714844,135.64999389648438
2021-02-23,175.26109313964844,135.11402893066406
2021-02-24,174.41976928710938,134.63760375976562
2021-02-25,175.7064971923828,134.52842712402344
2021-02-26,173.84568786621094,134.0460662841797
2021-03-01,175.7559814453125,136.9004364013672
2021-03-02,174.4989471435547,136.27386474609375
2021-03-03,172.69754028320312,133.5288848876953
2021-03-04,165.40283203125,131.32098388671875
2021-03-05,161.80992126464844,132.6238555908203
2021-03-08,164.2843780517578,133.8272705078125
2021-03-09,161.74063110351562,135.20968627929688
2021-03-10,171.3910369873047,136.8407440185547
2021-03-11,178.13145446777344,140.42115783691406
2021-03-12,178.27003479003906,139.6851806640625
2021-03-15,172.98458862304688,144.15074157714844
2021-03-16,169.8865509033203,143.8623046875
2021-03-17,170.3319549560547,144.03138732910156
2021-03-18,168.76809692382812,142.39036560058594
2021-03-19,166.44210815429688,136.74131774902344
2021-03-22,164.89805603027344,137.51705932617188
2021-03-23,165.18507385253906,136.37332153320312
2021-03-24,162.65122985839844,132.4348907470703
2021-03-25,154.1193084716797,127.93949127197266
2021-03-26,154.4756317138672,132.26580810546875
2021-03-29,154.70327758789062,132.76309204101562
2021-03-30,153.73329162597656,132.2260284423828
2021-03-31,155.406005859375,132.16636657714844
2021-04-01,159.57301330566406,131.8083038330078
2021-04-05,162.60174560546875,134.38421630859375
2021-04-06,161.2259521484375,136.41310119628906
2021-04-07,159.8897247314453,135.79647827148438
2021-04-08,163.04714965820312,132.95205688476562
2021-04-09,165.12570190429688,134.71240234375
2021-04-12,166.9963836669922,135.89593505859375
2021-04-13,166.54107666015625,132.8128204345703
2021-04-14,164.30416870117188,131.53977966308594
2021-04-15,164.94752502441406,132.94210815429688
2021-04-16,165.19497680664062,133.57862854003906
2021-04-19,165.2444610595703,131.84811401367188
2021-04-20,161.24574279785156,126.41783142089844
2021-04-21,162.68092346191406,129.19264221191406
2021-04-22,160.39453125,128.47654724121094
2021-04-23,159.71157836914062,129.48106384277344
2021-04-26,158.4347686767578,130.88339233398438
2021-04-27,157.75180053710938,131.39060974121094
2021-04-28,155.9207000732422,129.99822998046875
2021-04-29,156.94017028808594,132.5343475341797
2021-04-30,153.20867919921875,131.8978271484375
2021-05-03,156.2869110107422,132.30560302734375
2021-05-04,151.8724822998047,130.8336639404297
2021-05-05,155.26744079589844,131.4900665283203
2021-05-06,156.24732971191406,132.76309204101562
2021-05-07,168.1049346923828,137.05955505371094
2021-05-10,171.29205322265625,135.6572265625
2021-05-11,172.2323455810547,136.37332153320312
2021-05-12,171.97500610351562,132.66363525390625
2021-05-13,173.63999938964844,132.88243103027344
2021-05-14,176.25,135.18980407714844
2021-05-17,181.5399932861328,135.6671905517578
2021-05-18,179.10000610351562,134.82180786132812
2021-05-19,179.7100067138672,132.23597717285156
2021-05-20,182.6300048828125,132.54429626464844
2021-05-21,183.42999267578125,131.93760681152344
2021-05-24,186.67999267578125,133.32997131347656
2021-05-25,184.0,133.5885772705078
2021-05-26,181.60000610351562,136.1445770263672
2021-05-27,182.25999450683594,135.81637573242188
2021-05-28,183.3699951171875,135.9907684326172
2021-06-01,182.67999267578125,134.04747009277344
2021-06-02,182.17999267578125,133.70864868164062
2021-06-03,181.99000549316406,133.70864868164062
2021-06-04,181.14999389648438,133.28012084960938
2021-06-07,181.44000244140625,133.48939514160156
2021-06-08,180.4199981689453,132.89146423339844
2021-06-09,178.92999267578125,131.38665771484375
2021-06-10,179.0,130.5296173095703
2021-06-11,179.25,131.48631286621094
2021-06-14,178.6699981689453,130.90830993652344
2021-06-15,177.97000122070312,129.84197998046875
2021-06-16,176.3800048828125,129.95159912109375
2021-06-17,174.16000366210938,128.47669982910156
2021-06-18,171.22999572753906,127.96845245361328
2021-06-21,173.85000610351562,129.63270568847656
2021-06-22,174.22999572753906,132.02444458007812
2021-06-23,174.11000061035156,132.64231872558594
2021-06-24,175.2899932861328,133.14060974121094
2021-06-25,185.02000427246094,153.8192596435547
2021-06-28,184.97000122070312,151.83609008789062
2021-06-29,189.4499969482422,155.4137420654297
2021-06-30,186.77999877929688,153.95877075195312
2021-07-01,186.75,157.4567108154297
2021-07-02,187.69000244140625,159.1907196044922
2021-07-06,185.1699981689453,159.5594482421875
2021-07-07,188.30999755859375,159.60928344726562
2021-07-08,187.52000427246094,160.07765197753906
2021-07-09,189.2899932861328,160.44638061523438
2021-07-12,190.75999450683594,161.26358032226562
2021-07-13,189.49000549316406,161.03436279296875
2021-07-14,190.94000244140625,160.98451232910156
2021-07-15,186.57000732421875,161.13401794433594
2021-07-16,183.39999389648438,159.3003387451172
2021-07-19,180.6300048828125,157.3271484375
2021-07-20,181.2899932861328,159.1907196044922
2021-07-21,183.02000427246094,160.526123046875
2021-07-22,183.00999450683594,163.11715698242188
2021-07-23,187.00999450683594,165.7879638671875
2021-07-26,184.5,164.52230834960938
2021-07-27,183.52000427246094,164.0041046142578
2021-07-28,183.1199951171875,164.8910675048828
2021-07-29,183.36000061035156,166.41580200195312
2021-07-30,182.0500030517578,166.93399047851562
2021-08-02,188.16000366210938,168.16973876953125
2021-08-03,193.00999450683594,170.64120483398438
2021-08-04,198.67999267578125,171.31886291503906
2021-08-05,188.5,173.252197265625
2021-08-06,184.0,172.20579528808594
2021-08-09,184.02000427246094,171.17935180664062
2021-08-10,181.5,171.67764282226562
2021-08-11,180.75,170.68106079101562
2021-08-12,184.52999877929688,170.05322265625
2021-08-13,188.38999938964844,171.09962463378906
2021-08-16,185.3300018310547,171.76731872558594
2021-08-17,181.6300048828125,170.0731658935547
2021-08-18,178.9499969482422,168.22952270507812
2021-08-19,177.32000732421875,165.02059936523438
2021-08-20,177.16000366210938,167.21302795410156
2021-08-23,180.77000427246094,169.1363983154297
2021-08-24,179.30999755859375,169.39549255371094
2021-08-25,180.63999938964844,169.2559814453125
2021-08-26,178.82000732421875,166.3460235595703
2021-08-27,179.6699981689453,167.2793426513672
2021-08-30,178.32000732421875,167.72853088378906
2021-08-31,177.5,164.44444274902344
2021-09-01,178.52000427246094,164.26475524902344
2021-09-02,179.1199951171875,163.37635803222656
2021-09-03,177.22000122070312,162.99703979492188
2021-09-07,177.25999450683594,162.34820556640625
2021-09-08,175.89999389648438,160.4216766357422
2021-09-09,176.2100067138672,163.0469512939453
2021-09-10,176.22999572753906,163.29649353027344
2021-09-13,176.1300048828125,159.2338104248047
2021-09-14,173.13999938964844,158.47515869140625
2021-09-15,168.75,157.62669372558594
2021-09-16,168.4199981689453,157.3172607421875
2021-09-17,165.97000122070312,156.1393585205078
2021-09-20,164.6999969482422,153.9732666015625
2021-09-21,165.64999389648438,154.74188232421875
2021-09-22,166.66000366210938,157.15753173828125
2021-09-23,170.10000610351562,159.293701171875
2021-09-24,164.83999633789062,149.3216094970703
2021-09-27,162.6699981689453,147.77439880371094
2021-09-28,156.3000030517578,145.03932189941406
2021-09-29,157.10000610351562,145.75802612304688
2021-09-30,158.1199951171875,144.9694366455078
2021-10-01,158.61000061035156,146.79615783691406
2021-10-04,154.9600067138672,146.8760223388672
2021-10-05,152.8000030517578,149.19186401367188
2021-10-06,152.1300048828125,148.5330352783203
2021-10-07,153.9600067138672,151.57757568359375
2021-10-08,151.6300048828125,152.20643615722656
2021-10-11,150.57000732421875,150.0103759765625
2021-10-12,149.83999633789062,153.0748748779297
2021-10-13,153.11000061035156,156.01959228515625
2021-10-14,155.0,156.8580780029297
2021-10-15,159.58999633789062,157.72650146484375
2021-10-18,157.30999755859375,159.1439666748047
2021-10-19,156.8300018310547,157.536865234375
2021-10-20,156.72999572753906,158.1657257080078
2021-10-21,160.67999267578125,161.88902282714844
2021-10-22,161.6199951171875,163.1866912841797
2021-10-25,161.58999633789062,163.9253692626953
2021-10-26,162.2899932861328,163.4961395263672
2021-10-27,161.97999572753906,162.05873107910156
2021-10-28,165.6699981689453,164.16494750976562
2021-10-29,163.7100067138672,166.98985290527344
2021-11-01,165.61000061035156,166.03158569335938
2021-11-02,165.3800048828125,167.52890014648438
2021-11-03,170.0800018310547,172.19052124023438
2021-11-04,169.75,175.125244140625
2021-11-05,172.32000732421875,177.1915283203125
2021-11-08,170.33999633789062,171.54168701171875
2021-11-09,171.67999267578125,173.50816345214844
2021-11-10,162.05999755859375,167.95811462402344
2021-11-11,161.5399932861328,166.67044067382812
2021-11-12,161.0500030517578,168.78663635253906
2021-11-15,160.7899932861328,168.5470733642578
2021-11-16,161.82000732421875,171.521728515625
2021-11-17,161.4199981689453,171.431884765625
2021-11-18,161.41000366210938,171.04258728027344
2021-11-19,159.38999938964844,174.56625366210938
2021-11-22,156.47999572753906,173.92739868164062
2021-11-23,153.39999389648438,171.8411407470703
2021-11-24,151.0399932861328,171.7213592529297
2021-11-26,143.6699981689453,167.71856689453125
2021-11-29,144.0500030517578,169.5652313232422
2021-11-30,144.60000610351562,168.93637084960938
2021-12-01,145.0,166.4009246826172
2021-12-02,145.17999267578125,169.69500732421875
2021-12-03,141.72000122070312,170.24000549316406
2021-12-06,144.05999755859375,168.91000366210938
2021-12-07,149.1199951171875,171.2899932861328
2021-12-08,149.1999969482422,170.25
